group,group_zh,order_type,run_id,step,new_class_id,new_class,forgotten_classes,forget_accuracy,UA,retain_accuracy,full_test_accuracy,class_0_accuracy,class_1_accuracy,class_2_accuracy,class_3_accuracy,class_4_accuracy,class_5_accuracy,class_6_accuracy,class_7_accuracy,class_8_accuracy,class_9_accuracy,class_10_accuracy,class_11_accuracy,class_12_accuracy,class_13_accuracy,class_14_accuracy,class_15_accuracy,class_16_accuracy,class_17_accuracy,class_18_accuracy,class_19_accuracy,class_20_accuracy,class_21_accuracy,class_22_accuracy,class_23_accuracy,class_24_accuracy,class_25_accuracy,class_26_accuracy,class_27_accuracy,class_28_accuracy,class_29_accuracy,class_30_accuracy,class_31_accuracy,class_32_accuracy,class_33_accuracy,class_34_accuracy,class_35_accuracy,class_36_accuracy,class_37_accuracy,class_38_accuracy,class_39_accuracy,class_40_accuracy,class_41_accuracy,class_42_accuracy,class_43_accuracy,class_44_accuracy,class_45_accuracy,class_46_accuracy,class_47_accuracy,class_48_accuracy,class_49_accuracy,class_50_accuracy,class_51_accuracy,class_52_accuracy,class_53_accuracy,class_54_accuracy,class_55_accuracy,class_56_accuracy,class_57_accuracy,class_58_accuracy,class_59_accuracy,class_60_accuracy,class_61_accuracy,class_62_accuracy,class_63_accuracy,class_64_accuracy,class_65_accuracy,class_66_accuracy,class_67_accuracy,class_68_accuracy,class_69_accuracy,class_70_accuracy,class_71_accuracy,class_72_accuracy,class_73_accuracy,class_74_accuracy,class_75_accuracy,class_76_accuracy,class_77_accuracy,class_78_accuracy,class_79_accuracy,class_80_accuracy,class_81_accuracy,class_82_accuracy,class_83_accuracy,class_84_accuracy,class_85_accuracy,class_86_accuracy,class_87_accuracy,class_88_accuracy,class_89_accuracy,class_90_accuracy,class_91_accuracy,class_92_accuracy,class_93_accuracy,class_94_accuracy,class_95_accuracy,class_96_accuracy,class_97_accuracy,class_98_accuracy,class_99_accuracy
large_omnivores_and_herbivores,大型雜食/草食動物,official,large_omni_official_seed1_k5,1,15,駱駝 / camel (15),15,0.0,100.0,69.8080808080808,69.11,87.0,79.0,57.0,50.0,52.0,67.0,74.0,77.0,82.0,80.0,44.0,46.0,79.0,67.0,55.0,0.0,79.0,78.0,61.0,67.0,86.0,85.0,66.0,81.0,79.0,56.0,61.0,53.0,74.0,61.0,67.0,65.0,63.0,58.0,73.0,49.0,81.0,80.0,64.0,79.0,60.0,87.0,73.0,84.0,48.0,63.0,44.0,67.0,93.0,83.0,53.0,71.0,65.0,88.0,81.0,39.0,85.0,77.0,85.0,71.0,86.0,65.0,82.0,72.0,54.0,59.0,77.0,56.0,94.0,79.0,71.0,78.0,41.0,56.0,49.0,92.0,89.0,64.0,61.0,72.0,54.0,75.0,92.0,65.0,66.0,71.0,68.0,77.0,79.0,84.0,84.0,77.0,61.0,55.0,92.0,73.0,62.0,74.0,53.0,73.0
large_omnivores_and_herbivores,大型雜食/草食動物,official,large_omni_official_seed1_k5,2,19,牛 / cattle (19),"15,19",0.0,100.0,70.37755102040816,68.97,88.0,79.0,57.0,53.0,62.0,65.0,76.0,75.0,79.0,76.0,45.0,47.0,80.0,65.0,56.0,0.0,77.0,83.0,64.0,0.0,86.0,87.0,66.0,81.0,82.0,60.0,62.0,53.0,75.0,65.0,71.0,70.0,60.0,60.0,74.0,50.0,82.0,78.0,65.0,78.0,62.0,86.0,76.0,83.0,47.0,62.0,49.0,64.0,91.0,80.0,54.0,72.0,66.0,89.0,82.0,44.0,86.0,76.0,84.0,72.0,87.0,66.0,81.0,72.0,50.0,55.0,80.0,57.0,94.0,79.0,71.0,80.0,41.0,59.0,51.0,86.0,88.0,64.0,62.0,75.0,53.0,73.0,92.0,69.0,70.0,70.0,67.0,79.0,76.0,85.0,86.0,77.0,63.0,56.0,91.0,72.0,65.0,74.0,53.0,71.0
large_omnivores_and_herbivores,大型雜食/草食動物,official,large_omni_official_seed1_k5,3,21,黑猩猩 / chimpanzee (21),"15,19,21",0.0,100.0,70.48453608247422,68.37,89.0,79.0,59.0,48.0,56.0,69.0,79.0,74.0,83.0,78.0,48.0,48.0,79.0,67.0,57.0,0.0,77.0,78.0,63.0,0.0,86.0,0.0,65.0,81.0,81.0,56.0,65.0,58.0,73.0,71.0,69.0,69.0,64.0,59.0,74.0,46.0,83.0,78.0,59.0,77.0,64.0,90.0,76.0,87.0,47.0,67.0,47.0,60.0,92.0,82.0,57.0,69.0,68.0,88.0,83.0,43.0,88.0,78.0,85.0,68.0,86.0,69.0,82.0,73.0,50.0,59.0,80.0,58.0,94.0,79.0,71.0,81.0,39.0,59.0,51.0,89.0,89.0,66.0,64.0,71.0,56.0,71.0,91.0,70.0,70.0,72.0,69.0,78.0,77.0,83.0,83.0,75.0,60.0,57.0,90.0,73.0,65.0,75.0,57.0,71.0
large_omnivores_and_herbivores,大型雜食/草食動物,official,large_omni_official_seed1_k5,4,31,大象 / elephant (31),"15,19,21,31",0.0,100.0,70.22916666666667,67.42,87.0,79.0,56.0,55.0,56.0,71.0,81.0,74.0,83.0,77.0,48.0,46.0,79.0,68.0,56.0,0.0,77.0,80.0,68.0,0.0,85.0,0.0,67.0,79.0,80.0,58.0,62.0,54.0,73.0,67.0,69.0,0.0,62.0,58.0,74.0,46.0,81.0,76.0,64.0,78.0,62.0,89.0,75.0,86.0,42.0,67.0,48.0,63.0,93.0,85.0,52.0,73.0,66.0,90.0,82.0,42.0,85.0,78.0,85.0,69.0,84.0,66.0,82.0,70.0,56.0,59.0,81.0,55.0,94.0,80.0,69.0,80.0,45.0,58.0,50.0,90.0,87.0,63.0,63.0,70.0,57.0,72.0,92.0,68.0,68.0,71.0,67.0,77.0,76.0,84.0,81.0,79.0,59.0,55.0,92.0,74.0,63.0,75.0,53.0,71.0
large_omnivores_and_herbivores,大型雜食/草食動物,official,large_omni_official_seed1_k5,5,38,袋鼠 / kangaroo (38),"15,19,21,31,38",0.2,99.8,70.5578947368421,67.04,88.0,82.0,56.0,57.0,60.0,71.0,80.0,73.0,82.0,77.0,42.0,52.0,80.0,70.0,55.0,0.0,76.0,81.0,67.0,0.0,86.0,1.0,67.0,81.0,80.0,56.0,63.0,53.0,75.0,62.0,70.0,0.0,62.0,63.0,80.0,47.0,83.0,77.0,0.0,80.0,61.0,87.0,70.0,84.0,42.0,66.0,49.0,61.0,93.0,84.0,54.0,72.0,66.0,89.0,82.0,47.0,89.0,76.0,86.0,71.0,87.0,64.0,82.0,73.0,52.0,56.0,82.0,56.0,94.0,77.0,70.0,77.0,44.0,60.0,50.0,90.0,87.0,66.0,65.0,75.0,54.0,74.0,92.0,66.0,67.0,72.0,67.0,79.0,81.0,85.0,82.0,78.0,61.0,54.0,89.0,71.0,62.0,73.0,54.0,72.0
large_omnivores_and_herbivores,大型雜食/草食動物,random,large_omni_random_seed1_k5,1,21,黑猩猩 / chimpanzee (21),21,0.0,100.0,70.12121212121212,69.42,88.0,79.0,53.0,48.0,53.0,69.0,80.0,77.0,82.0,82.0,48.0,46.0,78.0,65.0,54.0,72.0,79.0,82.0,66.0,65.0,85.0,0.0,64.0,80.0,81.0,55.0,64.0,55.0,75.0,67.0,68.0,66.0,63.0,60.0,75.0,46.0,82.0,79.0,60.0,81.0,64.0,88.0,73.0,84.0,47.0,68.0,44.0,66.0,93.0,83.0,54.0,67.0,67.0,90.0,82.0,43.0,88.0,77.0,86.0,70.0,86.0,68.0,80.0,69.0,50.0,58.0,80.0,55.0,93.0,81.0,73.0,78.0,41.0,57.0,48.0,90.0,89.0,64.0,61.0,71.0,55.0,75.0,90.0,67.0,70.0,71.0,70.0,78.0,79.0,82.0,84.0,78.0,61.0,57.0,90.0,74.0,64.0,75.0,52.0,72.0
large_omnivores_and_herbivores,大型雜食/草食動物,random,large_omni_random_seed1_k5,2,15,駱駝 / camel (15),"21,15",0.5,99.5,69.93877551020408,68.55,87.0,79.0,54.0,50.0,53.0,64.0,76.0,74.0,83.0,77.0,46.0,46.0,80.0,68.0,58.0,0.0,78.0,78.0,64.0,67.0,86.0,1.0,66.0,81.0,78.0,58.0,66.0,51.0,75.0,64.0,68.0,69.0,62.0,57.0,73.0,50.0,82.0,79.0,65.0,77.0,60.0,88.0,73.0,85.0,47.0,63.0,46.0,66.0,95.0,83.0,52.0,68.0,65.0,89.0,82.0,40.0,88.0,78.0,87.0,70.0,86.0,67.0,81.0,70.0,53.0,62.0,78.0,58.0,94.0,79.0,72.0,77.0,44.0,54.0,48.0,93.0,89.0,65.0,61.0,73.0,51.0,72.0,92.0,66.0,66.0,73.0,69.0,79.0,77.0,85.0,81.0,78.0,60.0,59.0,91.0,73.0,64.0,77.0,52.0,71.0
large_omnivores_and_herbivores,大型雜食/草食動物,random,large_omni_random_seed1_k5,3,38,袋鼠 / kangaroo (38),"21,15,38",1.0,99.0,70.18556701030928,68.11,89.0,83.0,50.0,51.0,62.0,68.0,79.0,76.0,80.0,79.0,44.0,52.0,81.0,63.0,56.0,0.0,79.0,82.0,67.0,67.0,86.0,3.0,68.0,80.0,80.0,53.0,65.0,53.0,75.0,64.0,70.0,65.0,65.0,58.0,76.0,46.0,81.0,81.0,0.0,79.0,62.0,86.0,68.0,84.0,40.0,62.0,46.0,66.0,94.0,83.0,49.0,71.0,67.0,90.0,84.0,43.0,88.0,78.0,85.0,72.0,86.0,67.0,82.0,68.0,50.0,59.0,80.0,56.0,94.0,81.0,69.0,77.0,44.0,55.0,47.0,92.0,89.0,66.0,61.0,70.0,54.0,75.0,93.0,70.0,68.0,74.0,68.0,79.0,79.0,84.0,81.0,80.0,63.0,57.0,90.0,74.0,57.0,74.0,53.0,71.0
large_omnivores_and_herbivores,大型雜食/草食動物,random,large_omni_random_seed1_k5,4,19,牛 / cattle (19),"21,15,38,19",1.0,99.0,70.57291666666667,67.79,87.0,79.0,55.0,50.0,61.0,71.0,76.0,77.0,81.0,78.0,45.0,48.0,81.0,66.0,53.0,0.0,77.0,81.0,67.0,0.0,86.0,4.0,67.0,81.0,78.0,59.0,65.0,56.0,76.0,65.0,72.0,74.0,62.0,63.0,79.0,48.0,81.0,80.0,0.0,79.0,63.0,88.0,75.0,83.0,49.0,64.0,50.0,63.0,93.0,84.0,52.0,69.0,66.0,89.0,82.0,47.0,87.0,77.0,87.0,70.0,86.0,68.0,83.0,72.0,52.0,59.0,79.0,55.0,94.0,79.0,70.0,77.0,45.0,58.0,50.0,89.0,87.0,63.0,63.0,75.0,54.0,72.0,92.0,68.0,69.0,71.0,67.0,77.0,77.0,85.0,84.0,78.0,60.0,55.0,89.0,74.0,63.0,74.0,51.0,69.0
large_omnivores_and_herbivores,大型雜食/草食動物,random,large_omni_random_seed1_k5,5,31,大象 / elephant (31),"21,15,38,19,31",0.6,99.4,70.52631578947368,67.03,88.0,82.0,52.0,60.0,62.0,72.0,81.0,76.0,82.0,74.0,42.0,50.0,81.0,67.0,54.0,0.0,76.0,82.0,68.0,0.0,86.0,3.0,67.0,80.0,84.0,57.0,62.0,51.0,71.0,69.0,68.0,0.0,64.0,62.0,80.0,49.0,81.0,76.0,0.0,78.0,63.0,88.0,75.0,85.0,41.0,66.0,45.0,62.0,95.0,84.0,53.0,68.0,66.0,91.0,83.0,41.0,86.0,77.0,86.0,69.0,86.0,68.0,83.0,70.0,53.0,61.0,78.0,56.0,93.0,78.0,68.0,79.0,44.0,54.0,51.0,91.0,88.0,65.0,63.0,70.0,58.0,70.0,92.0,67.0,67.0,71.0,68.0,78.0,75.0,85.0,83.0,78.0,61.0,56.0,90.0,76.0,65.0,78.0,52.0,73.0
large_omnivores_and_herbivores,大型雜食/草食動物,hardfirst,large_omni_hardfirst_seed1_k5,1,19,牛 / cattle (19),19,0.0,100.0,69.88888888888889,69.19,88.0,78.0,51.0,54.0,57.0,68.0,80.0,75.0,79.0,77.0,45.0,48.0,77.0,65.0,54.0,75.0,78.0,82.0,63.0,0.0,86.0,87.0,67.0,81.0,79.0,55.0,64.0,56.0,76.0,66.0,71.0,62.0,62.0,57.0,77.0,49.0,81.0,78.0,62.0,77.0,61.0,87.0,78.0,82.0,41.0,60.0,43.0,63.0,93.0,84.0,51.0,65.0,65.0,87.0,84.0,44.0,87.0,77.0,83.0,70.0,86.0,67.0,82.0,70.0,50.0,55.0,81.0,56.0,93.0,78.0,71.0,78.0,46.0,59.0,49.0,89.0,88.0,63.0,60.0,73.0,54.0,73.0,91.0,66.0,68.0,72.0,66.0,77.0,80.0,85.0,85.0,79.0,60.0,57.0,91.0,73.0,66.0,74.0,48.0,68.0
large_omnivores_and_herbivores,大型雜食/草食動物,hardfirst,large_omni_hardfirst_seed1_k5,2,38,袋鼠 / kangaroo (38),"19,38",0.0,100.0,70.45918367346938,69.05,88.0,79.0,54.0,50.0,65.0,69.0,82.0,71.0,81.0,79.0,43.0,47.0,80.0,64.0,52.0,75.0,79.0,80.0,61.0,0.0,86.0,85.0,68.0,79.0,77.0,55.0,64.0,53.0,75.0,64.0,66.0,66.0,63.0,61.0,78.0,51.0,82.0,80.0,0.0,78.0,61.0,87.0,73.0,83.0,43.0,64.0,49.0,66.0,93.0,83.0,54.0,71.0,64.0,88.0,84.0,42.0,89.0,76.0,88.0,71.0,88.0,65.0,80.0,73.0,51.0,57.0,82.0,53.0,93.0,78.0,73.0,77.0,42.0,58.0,50.0,91.0,89.0,65.0,61.0,74.0,61.0,74.0,93.0,70.0,69.0,71.0,68.0,78.0,79.0,83.0,84.0,77.0,60.0,57.0,91.0,72.0,63.0,75.0,51.0,70.0
large_omnivores_and_herbivores,大型雜食/草食動物,hardfirst,large_omni_hardfirst_seed1_k5,3,31,大象 / elephant (31),"19,38,31",0.0,100.0,70.63917525773196,68.52,87.0,79.0,57.0,59.0,61.0,69.0,82.0,75.0,81.0,76.0,46.0,46.0,81.0,65.0,56.0,74.0,79.0,80.0,64.0,0.0,86.0,85.0,67.0,79.0,81.0,56.0,64.0,56.0,75.0,66.0,68.0,0.0,62.0,59.0,77.0,50.0,81.0,78.0,0.0,78.0,61.0,86.0,76.0,86.0,45.0,68.0,45.0,63.0,94.0,84.0,51.0,67.0,69.0,88.0,84.0,43.0,84.0,77.0,87.0,69.0,86.0,66.0,82.0,73.0,53.0,56.0,81.0,59.0,93.0,77.0,70.0,79.0,46.0,56.0,48.0,92.0,87.0,62.0,62.0,71.0,57.0,74.0,92.0,68.0,70.0,70.0,69.0,76.0,78.0,87.0,82.0,79.0,59.0,56.0,91.0,73.0,65.0,77.0,47.0,71.0
large_omnivores_and_herbivores,大型雜食/草食動物,hardfirst,large_omni_hardfirst_seed1_k5,4,15,駱駝 / camel (15),"19,38,31,15",0.0,100.0,70.73958333333333,67.91,87.0,79.0,60.0,54.0,57.0,69.0,81.0,78.0,83.0,79.0,46.0,46.0,78.0,66.0,60.0,0.0,78.0,78.0,64.0,0.0,86.0,87.0,68.0,82.0,77.0,52.0,63.0,55.0,76.0,63.0,69.0,0.0,62.0,61.0,77.0,48.0,82.0,80.0,0.0,80.0,65.0,88.0,74.0,83.0,46.0,61.0,46.0,68.0,94.0,86.0,50.0,70.0,67.0,89.0,80.0,45.0,87.0,78.0,90.0,70.0,86.0,67.0,82.0,73.0,53.0,59.0,80.0,60.0,93.0,77.0,70.0,77.0,43.0,58.0,50.0,92.0,88.0,64.0,62.0,69.0,56.0,72.0,92.0,70.0,69.0,73.0,68.0,79.0,79.0,85.0,82.0,78.0,61.0,55.0,90.0,72.0,61.0,77.0,49.0,72.0
large_omnivores_and_herbivores,大型雜食/草食動物,hardfirst,large_omni_hardfirst_seed1_k5,5,21,黑猩猩 / chimpanzee (21),"19,38,31,15,21",0.0,100.0,70.56842105263158,67.04,87.0,80.0,56.0,54.0,57.0,71.0,81.0,79.0,86.0,81.0,45.0,48.0,79.0,66.0,59.0,0.0,76.0,80.0,64.0,0.0,86.0,0.0,68.0,80.0,81.0,56.0,65.0,53.0,72.0,68.0,66.0,0.0,65.0,60.0,75.0,45.0,83.0,78.0,0.0,81.0,64.0,88.0,74.0,86.0,45.0,66.0,46.0,65.0,93.0,83.0,53.0,70.0,64.0,89.0,83.0,43.0,88.0,79.0,86.0,69.0,86.0,67.0,82.0,72.0,52.0,57.0,79.0,60.0,93.0,79.0,71.0,79.0,38.0,55.0,50.0,90.0,88.0,63.0,61.0,72.0,61.0,70.0,90.0,69.0,70.0,72.0,70.0,80.0,79.0,84.0,83.0,79.0,59.0,56.0,89.0,76.0,62.0,74.0,53.0,69.0
vehicles_1,車輛 1,official,vehicles1_official_seed1_k5,1,8,腳踏車 / bicycle (8),8,0.0,100.0,69.85858585858585,69.16,89.0,80.0,53.0,49.0,56.0,67.0,79.0,76.0,0.0,79.0,47.0,47.0,79.0,66.0,53.0,76.0,77.0,80.0,61.0,65.0,84.0,85.0,68.0,81.0,76.0,53.0,60.0,58.0,75.0,66.0,66.0,65.0,62.0,60.0,77.0,49.0,82.0,76.0,62.0,78.0,62.0,88.0,73.0,85.0,45.0,63.0,50.0,67.0,91.0,83.0,57.0,69.0,66.0,90.0,82.0,39.0,84.0,78.0,86.0,69.0,86.0,65.0,80.0,69.0,51.0,58.0,81.0,56.0,94.0,80.0,72.0,78.0,46.0,58.0,50.0,89.0,90.0,64.0,59.0,69.0,52.0,72.0,91.0,67.0,68.0,71.0,68.0,79.0,79.0,84.0,82.0,76.0,61.0,57.0,91.0,73.0,62.0,76.0,53.0,70.0
vehicles_1,車輛 1,official,vehicles1_official_seed1_k5,2,13,公車 / bus (13),"8,13",11.0,89.0,70.35714285714286,69.17,89.0,79.0,62.0,52.0,58.0,71.0,77.0,70.0,22.0,78.0,49.0,45.0,77.0,0.0,53.0,76.0,76.0,81.0,63.0,64.0,85.0,85.0,68.0,82.0,79.0,52.0,63.0,54.0,74.0,68.0,70.0,65.0,65.0,60.0,75.0,51.0,80.0,79.0,64.0,78.0,65.0,88.0,74.0,83.0,50.0,65.0,50.0,63.0,93.0,84.0,51.0,68.0,64.0,88.0,83.0,41.0,86.0,76.0,90.0,70.0,88.0,68.0,81.0,70.0,52.0,58.0,80.0,57.0,92.0,78.0,73.0,79.0,45.0,58.0,50.0,89.0,89.0,62.0,60.0,73.0,56.0,81.0,94.0,68.0,70.0,71.0,66.0,83.0,77.0,83.0,81.0,76.0,60.0,57.0,91.0,74.0,63.0,76.0,47.0,70.0
vehicles_1,車輛 1,official,vehicles1_official_seed1_k5,3,48,摩托車 / motorcycle (48),"8,13,48",9.666666666666666,90.33333333333333,70.12371134020619,68.31,89.0,81.0,61.0,51.0,55.0,74.0,80.0,75.0,29.0,82.0,49.0,48.0,76.0,0.0,52.0,75.0,79.0,83.0,63.0,60.0,86.0,87.0,67.0,81.0,78.0,55.0,62.0,56.0,74.0,65.0,67.0,67.0,63.0,61.0,74.0,48.0,78.0,80.0,64.0,78.0,63.0,87.0,72.0,82.0,45.0,65.0,50.0,65.0,0.0,84.0,53.0,70.0,68.0,90.0,83.0,41.0,88.0,76.0,88.0,71.0,86.0,67.0,81.0,70.0,52.0,57.0,79.0,57.0,92.0,78.0,73.0,78.0,46.0,58.0,50.0,87.0,89.0,64.0,62.0,72.0,54.0,77.0,91.0,67.0,67.0,72.0,67.0,81.0,79.0,83.0,84.0,79.0,58.0,58.0,90.0,73.0,63.0,75.0,49.0,72.0
vehicles_1,車輛 1,official,vehicles1_official_seed1_k5,4,58,皮卡車 / pickup_truck (58),"8,13,48,58",10.25,89.75,70.28125,67.88,89.0,79.0,63.0,51.0,57.0,75.0,80.0,74.0,41.0,79.0,47.0,51.0,78.0,0.0,54.0,74.0,77.0,84.0,66.0,64.0,86.0,85.0,70.0,82.0,78.0,55.0,62.0,56.0,72.0,67.0,71.0,67.0,64.0,62.0,73.0,49.0,83.0,79.0,64.0,79.0,65.0,88.0,73.0,84.0,40.0,65.0,51.0,65.0,0.0,85.0,53.0,67.0,66.0,89.0,82.0,42.0,89.0,77.0,0.0,69.0,85.0,67.0,81.0,68.0,51.0,56.0,80.0,57.0,92.0,79.0,72.0,80.0,42.0,59.0,49.0,88.0,89.0,66.0,61.0,73.0,53.0,78.0,91.0,68.0,70.0,74.0,67.0,78.0,80.0,88.0,84.0,78.0,59.0,60.0,91.0,73.0,63.0,76.0,52.0,73.0
vehicles_1,車輛 1,official,vehicles1_official_seed1_k5,5,90,火車 / train (90),"8,13,48,58,90",8.6,91.4,70.10526315789474,67.03,89.0,80.0,60.0,49.0,59.0,74.0,79.0,76.0,43.0,79.0,44.0,47.0,79.0,0.0,55.0,72.0,74.0,83.0,69.0,65.0,87.0,84.0,67.0,82.0,79.0,55.0,67.0,54.0,74.0,65.0,68.0,68.0,65.0,63.0,74.0,49.0,82.0,77.0,63.0,79.0,62.0,87.0,74.0,83.0,46.0,62.0,49.0,64.0,0.0,84.0,53.0,71.0,69.0,88.0,80.0,43.0,88.0,79.0,0.0,70.0,86.0,68.0,81.0,71.0,51.0,59.0,78.0,55.0,93.0,80.0,70.0,80.0,44.0,56.0,47.0,92.0,88.0,66.0,61.0,73.0,56.0,82.0,90.0,66.0,70.0,79.0,67.0,77.0,81.0,88.0,0.0,76.0,60.0,57.0,91.0,74.0,61.0,75.0,52.0,72.0
vehicles_1,車輛 1,random,vehicles1_random_seed1_k5,1,48,摩托車 / motorcycle (48),48,0.0,100.0,69.96969696969697,69.27,88.0,83.0,59.0,49.0,55.0,71.0,75.0,74.0,84.0,79.0,48.0,48.0,77.0,65.0,50.0,75.0,80.0,80.0,64.0,63.0,84.0,85.0,65.0,81.0,77.0,56.0,63.0,57.0,75.0,64.0,66.0,66.0,62.0,59.0,75.0,50.0,83.0,78.0,65.0,78.0,60.0,87.0,72.0,83.0,46.0,64.0,49.0,67.0,0.0,84.0,53.0,70.0,66.0,89.0,79.0,41.0,88.0,75.0,87.0,68.0,86.0,65.0,78.0,66.0,52.0,56.0,79.0,58.0,92.0,81.0,72.0,77.0,43.0,55.0,51.0,92.0,89.0,65.0,61.0,73.0,55.0,74.0,92.0,69.0,71.0,71.0,67.0,78.0,81.0,84.0,84.0,77.0,59.0,58.0,91.0,75.0,64.0,76.0,52.0,74.0
vehicles_1,車輛 1,random,vehicles1_random_seed1_k5,2,8,腳踏車 / bicycle (8),"48,8",1.0,99.0,70.04081632653062,68.66,89.0,79.0,59.0,50.0,56.0,70.0,76.0,77.0,2.0,83.0,45.0,46.0,80.0,65.0,52.0,75.0,76.0,82.0,64.0,65.0,86.0,85.0,68.0,82.0,78.0,56.0,65.0,56.0,74.0,63.0,66.0,66.0,62.0,59.0,75.0,49.0,83.0,77.0,65.0,78.0,60.0,88.0,73.0,84.0,44.0,64.0,53.0,65.0,0.0,82.0,54.0,70.0,64.0,91.0,82.0,39.0,87.0,76.0,87.0,70.0,86.0,69.0,80.0,70.0,51.0,56.0,81.0,56.0,94.0,81.0,71.0,78.0,44.0,60.0,47.0,90.0,88.0,64.0,61.0,69.0,52.0,77.0,91.0,69.0,70.0,72.0,69.0,80.0,79.0,85.0,85.0,77.0,62.0,59.0,90.0,75.0,65.0,76.0,49.0,71.0
vehicles_1,車輛 1,random,vehicles1_random_seed1_k5,3,90,火車 / train (90),"48,8,90",9.666666666666666,90.33333333333333,69.82474226804123,68.02,89.0,79.0,59.0,52.0,53.0,70.0,78.0,71.0,29.0,81.0,46.0,47.0,80.0,64.0,53.0,74.0,75.0,82.0,68.0,66.0,86.0,84.0,66.0,81.0,79.0,58.0,64.0,52.0,75.0,65.0,67.0,66.0,62.0,59.0,74.0,47.0,80.0,75.0,64.0,79.0,59.0,87.0,74.0,84.0,47.0,66.0,48.0,69.0,0.0,84.0,51.0,71.0,69.0,90.0,81.0,44.0,87.0,77.0,87.0,72.0,84.0,70.0,80.0,72.0,49.0,57.0,79.0,56.0,93.0,77.0,71.0,77.0,42.0,57.0,47.0,88.0,86.0,65.0,59.0,70.0,57.0,76.0,91.0,66.0,70.0,78.0,69.0,78.0,80.0,85.0,0.0,78.0,61.0,59.0,91.0,75.0,64.0,76.0,52.0,71.0
vehicles_1,車輛 1,random,vehicles1_random_seed1_k5,4,13,公車 / bus (13),"48,8,90,13",10.25,89.75,70.25,67.85,88.0,79.0,61.0,51.0,60.0,71.0,79.0,78.0,41.0,80.0,45.0,45.0,79.0,0.0,53.0,73.0,80.0,80.0,66.0,67.0,86.0,86.0,65.0,82.0,78.0,54.0,64.0,54.0,73.0,65.0,69.0,67.0,66.0,59.0,77.0,49.0,80.0,77.0,64.0,78.0,61.0,90.0,72.0,83.0,47.0,66.0,52.0,65.0,0.0,86.0,52.0,72.0,66.0,89.0,82.0,42.0,86.0,76.0,88.0,69.0,88.0,67.0,81.0,70.0,52.0,58.0,81.0,58.0,92.0,81.0,71.0,78.0,42.0,63.0,47.0,88.0,87.0,64.0,61.0,70.0,58.0,78.0,93.0,70.0,69.0,74.0,69.0,81.0,78.0,86.0,0.0,78.0,62.0,59.0,91.0,73.0,63.0,76.0,47.0,68.0
vehicles_1,車輛 1,random,vehicles1_random_seed1_k5,5,58,皮卡車 / pickup_truck (58),"48,8,90,13,58",8.0,92.0,70.33684210526316,67.22,89.0,80.0,62.0,56.0,56.0,73.0,79.0,76.0,40.0,80.0,48.0,46.0,80.0,0.0,56.0,74.0,76.0,81.0,65.0,67.0,86.0,85.0,69.0,82.0,78.0,55.0,65.0,56.0,70.0,65.0,69.0,67.0,67.0,58.0,76.0,52.0,83.0,76.0,65.0,79.0,64.0,90.0,74.0,83.0,39.0,65.0,49.0,65.0,0.0,86.0,56.0,71.0,64.0,89.0,83.0,41.0,88.0,77.0,0.0,69.0,87.0,66.0,79.0,70.0,50.0,59.0,79.0,56.0,92.0,76.0,72.0,77.0,42.0,63.0,49.0,91.0,87.0,66.0,61.0,75.0,57.0,84.0,92.0,68.0,72.0,71.0,69.0,77.0,79.0,87.0,0.0,78.0,61.0,59.0,92.0,74.0,63.0,77.0,52.0,73.0
vehicles_1,車輛 1,hardfirst,vehicles1_hardfirst_seed1_k5,1,13,公車 / bus (13),13,0.0,100.0,70.62626262626263,69.92,89.0,80.0,60.0,48.0,61.0,70.0,78.0,72.0,83.0,79.0,51.0,47.0,76.0,0.0,53.0,74.0,78.0,80.0,66.0,62.0,85.0,88.0,69.0,81.0,80.0,56.0,62.0,56.0,73.0,64.0,71.0,68.0,65.0,61.0,76.0,51.0,80.0,77.0,64.0,78.0,61.0,89.0,70.0,84.0,46.0,63.0,48.0,63.0,91.0,83.0,54.0,71.0,66.0,88.0,81.0,41.0,89.0,78.0,87.0,69.0,85.0,67.0,81.0,71.0,52.0,59.0,79.0,58.0,92.0,81.0,70.0,79.0,45.0,59.0,49.0,91.0,89.0,64.0,62.0,72.0,58.0,77.0,93.0,68.0,65.0,75.0,69.0,80.0,78.0,82.0,84.0,78.0,62.0,56.0,91.0,73.0,64.0,76.0,53.0,71.0
vehicles_1,車輛 1,hardfirst,vehicles1_hardfirst_seed1_k5,2,8,腳踏車 / bicycle (8),"13,8",0.5,99.5,70.55102040816327,69.15,89.0,78.0,58.0,51.0,61.0,69.0,81.0,78.0,1.0,80.0,49.0,43.0,78.0,0.0,52.0,74.0,75.0,81.0,62.0,65.0,85.0,87.0,70.0,83.0,78.0,56.0,65.0,57.0,75.0,69.0,70.0,70.0,65.0,58.0,75.0,50.0,83.0,78.0,64.0,78.0,62.0,90.0,72.0,83.0,50.0,66.0,49.0,67.0,92.0,82.0,55.0,71.0,67.0,90.0,80.0,39.0,86.0,77.0,87.0,71.0,87.0,65.0,80.0,70.0,52.0,59.0,81.0,58.0,94.0,79.0,73.0,78.0,44.0,62.0,53.0,89.0,88.0,63.0,59.0,73.0,55.0,77.0,92.0,65.0,67.0,72.0,66.0,80.0,78.0,83.0,83.0,76.0,59.0,57.0,92.0,74.0,61.0,74.0,51.0,69.0
vehicles_1,車輛 1,hardfirst,vehicles1_hardfirst_seed1_k5,3,58,皮卡車 / pickup_truck (58),"13,8,58",9.333333333333334,90.66666666666667,70.57731958762886,68.74,89.0,80.0,61.0,48.0,62.0,73.0,82.0,77.0,28.0,78.0,51.0,52.0,80.0,0.0,53.0,74.0,79.0,82.0,66.0,63.0,85.0,86.0,68.0,82.0,79.0,55.0,61.0,55.0,71.0,66.0,70.0,68.0,61.0,60.0,76.0,51.0,82.0,75.0,66.0,78.0,64.0,88.0,72.0,83.0,46.0,65.0,49.0,66.0,96.0,85.0,52.0,71.0,67.0,90.0,82.0,46.0,88.0,76.0,0.0,69.0,87.0,66.0,80.0,71.0,52.0,55.0,78.0,60.0,93.0,79.0,70.0,79.0,42.0,60.0,48.0,91.0,89.0,64.0,60.0,71.0,56.0,76.0,91.0,68.0,69.0,72.0,65.0,80.0,79.0,85.0,84.0,77.0,59.0,59.0,91.0,75.0,63.0,78.0,50.0,74.0
vehicles_1,車輛 1,hardfirst,vehicles1_hardfirst_seed1_k5,4,90,火車 / train (90),"13,8,58,90",7.5,92.5,70.28125,67.77,89.0,79.0,59.0,51.0,61.0,70.0,80.0,76.0,30.0,79.0,48.0,51.0,81.0,0.0,55.0,76.0,76.0,81.0,69.0,64.0,87.0,85.0,69.0,84.0,80.0,57.0,64.0,55.0,74.0,66.0,69.0,68.0,63.0,61.0,74.0,48.0,81.0,77.0,63.0,78.0,62.0,89.0,72.0,84.0,45.0,63.0,48.0,64.0,95.0,85.0,52.0,69.0,68.0,91.0,81.0,43.0,89.0,78.0,0.0,69.0,86.0,67.0,80.0,68.0,51.0,57.0,78.0,56.0,93.0,78.0,69.0,79.0,44.0,57.0,49.0,89.0,88.0,63.0,61.0,72.0,57.0,82.0,92.0,66.0,69.0,75.0,69.0,77.0,80.0,85.0,0.0,79.0,61.0,56.0,92.0,73.0,60.0,74.0,48.0,72.0
vehicles_1,車輛 1,hardfirst,vehicles1_hardfirst_seed1_k5,5,48,摩托車 / motorcycle (48),"13,8,58,90,48",9.6,90.4,70.34736842105264,67.31,88.0,82.0,62.0,50.0,60.0,73.0,82.0,77.0,48.0,82.0,47.0,47.0,80.0,0.0,53.0,75.0,77.0,83.0,65.0,65.0,86.0,88.0,66.0,80.0,78.0,56.0,66.0,56.0,74.0,64.0,67.0,66.0,65.0,60.0,75.0,51.0,82.0,80.0,65.0,78.0,61.0,90.0,73.0,83.0,47.0,65.0,51.0,65.0,0.0,84.0,54.0,72.0,67.0,91.0,81.0,43.0,88.0,79.0,0.0,71.0,86.0,70.0,80.0,70.0,50.0,59.0,79.0,54.0,94.0,81.0,69.0,80.0,46.0,59.0,49.0,89.0,88.0,66.0,61.0,70.0,54.0,81.0,94.0,66.0,70.0,74.0,69.0,79.0,79.0,84.0,0.0,77.0,59.0,58.0,92.0,74.0,62.0,74.0,49.0,72.0
flowers,花卉,official,flowers_official_seed1_k5,1,54,蘭花 / orchid (54),54,0.0,100.0,70.0,69.3,87.0,83.0,58.0,50.0,59.0,69.0,79.0,71.0,79.0,82.0,45.0,48.0,79.0,65.0,56.0,75.0,78.0,81.0,65.0,64.0,86.0,85.0,68.0,79.0,79.0,55.0,59.0,56.0,74.0,64.0,69.0,67.0,63.0,61.0,77.0,50.0,80.0,77.0,62.0,79.0,60.0,89.0,74.0,81.0,43.0,64.0,47.0,67.0,91.0,82.0,54.0,67.0,66.0,88.0,0.0,38.0,86.0,77.0,84.0,70.0,86.0,68.0,81.0,67.0,53.0,61.0,79.0,57.0,93.0,79.0,71.0,79.0,46.0,59.0,50.0,90.0,88.0,63.0,62.0,68.0,59.0,74.0,88.0,67.0,69.0,73.0,68.0,77.0,80.0,84.0,82.0,80.0,65.0,56.0,91.0,73.0,61.0,76.0,46.0,70.0
flowers,花卉,official,flowers_official_seed1_k5,2,62,罌粟花 / poppy (62),"54,62",0.0,100.0,70.31632653061224,68.91,87.0,80.0,60.0,51.0,57.0,68.0,82.0,78.0,80.0,78.0,48.0,48.0,78.0,67.0,60.0,74.0,78.0,79.0,66.0,65.0,86.0,85.0,67.0,81.0,80.0,59.0,62.0,57.0,74.0,65.0,66.0,67.0,62.0,60.0,75.0,51.0,78.0,79.0,63.0,79.0,60.0,89.0,74.0,82.0,41.0,63.0,47.0,63.0,93.0,83.0,53.0,71.0,66.0,88.0,0.0,41.0,88.0,77.0,84.0,70.0,85.0,66.0,0.0,72.0,53.0,58.0,80.0,58.0,94.0,79.0,72.0,80.0,48.0,58.0,52.0,92.0,88.0,66.0,60.0,72.0,59.0,71.0,88.0,66.0,67.0,71.0,69.0,81.0,80.0,85.0,83.0,77.0,65.0,59.0,91.0,73.0,63.0,76.0,53.0,68.0
flowers,花卉,official,flowers_official_seed1_k5,3,70,玫瑰 / rose (70),"54,62,70",0.0,100.0,70.21649484536083,68.11,88.0,82.0,61.0,49.0,59.0,68.0,82.0,78.0,82.0,79.0,49.0,48.0,77.0,67.0,62.0,73.0,78.0,80.0,62.0,65.0,87.0,85.0,65.0,81.0,79.0,54.0,63.0,57.0,73.0,65.0,66.0,66.0,62.0,60.0,76.0,49.0,80.0,78.0,64.0,79.0,58.0,89.0,72.0,83.0,47.0,66.0,47.0,67.0,93.0,85.0,50.0,73.0,65.0,91.0,0.0,41.0,88.0,76.0,85.0,67.0,86.0,66.0,0.0,67.0,51.0,60.0,80.0,57.0,94.0,77.0,0.0,80.0,46.0,59.0,50.0,92.0,88.0,66.0,62.0,74.0,54.0,74.0,87.0,66.0,65.0,72.0,71.0,79.0,79.0,84.0,81.0,78.0,64.0,58.0,88.0,73.0,64.0,77.0,51.0,70.0
flowers,花卉,official,flowers_official_seed1_k5,4,82,向日葵 / sunflower (82),"54,62,70,82",0.0,100.0,70.23958333333333,67.43,88.0,82.0,61.0,52.0,59.0,71.0,80.0,78.0,82.0,80.0,52.0,44.0,77.0,68.0,57.0,77.0,79.0,81.0,64.0,63.0,87.0,85.0,67.0,82.0,78.0,54.0,63.0,56.0,72.0,64.0,68.0,67.0,61.0,63.0,76.0,46.0,78.0,77.0,63.0,80.0,59.0,89.0,73.0,84.0,43.0,65.0,49.0,66.0,93.0,85.0,50.0,71.0,66.0,90.0,0.0,41.0,87.0,77.0,84.0,69.0,86.0,64.0,0.0,70.0,50.0,58.0,78.0,57.0,94.0,79.0,0.0,80.0,47.0,58.0,51.0,89.0,88.0,66.0,62.0,74.0,54.0,72.0,0.0,71.0,65.0,70.0,69.0,79.0,78.0,83.0,83.0,78.0,76.0,62.0,91.0,73.0,64.0,77.0,53.0,71.0
flowers,花卉,official,flowers_official_seed1_k5,5,92,鬱金香 / tulip (92),"54,62,70,82,92",0.0,100.0,70.32631578947368,66.81,90.0,82.0,62.0,51.0,57.0,70.0,81.0,76.0,83.0,80.0,47.0,48.0,77.0,69.0,59.0,75.0,77.0,82.0,63.0,66.0,86.0,84.0,67.0,82.0,79.0,52.0,63.0,58.0,76.0,65.0,69.0,66.0,63.0,63.0,75.0,46.0,80.0,77.0,63.0,79.0,60.0,87.0,76.0,83.0,47.0,67.0,51.0,65.0,93.0,84.0,51.0,68.0,65.0,90.0,0.0,42.0,88.0,77.0,86.0,67.0,87.0,66.0,0.0,68.0,52.0,59.0,79.0,55.0,94.0,80.0,0.0,81.0,46.0,58.0,52.0,92.0,88.0,67.0,63.0,74.0,53.0,71.0,0.0,67.0,65.0,74.0,67.0,78.0,81.0,84.0,83.0,79.0,0.0,58.0,90.0,75.0,66.0,76.0,49.0,69.0
flowers,花卉,random,flowers_random_seed1_k5,1,70,玫瑰 / rose (70),70,0.0,100.0,70.1010101010101,69.4,88.0,80.0,57.0,48.0,52.0,67.0,80.0,76.0,80.0,77.0,47.0,46.0,78.0,66.0,59.0,75.0,76.0,80.0,65.0,64.0,86.0,86.0,63.0,81.0,77.0,55.0,63.0,58.0,75.0,65.0,67.0,65.0,61.0,58.0,74.0,51.0,83.0,79.0,61.0,79.0,58.0,87.0,71.0,82.0,44.0,64.0,47.0,67.0,93.0,84.0,55.0,71.0,67.0,87.0,83.0,40.0,87.0,75.0,86.0,70.0,86.0,65.0,79.0,70.0,51.0,60.0,78.0,57.0,94.0,80.0,0.0,79.0,49.0,59.0,49.0,91.0,88.0,66.0,60.0,73.0,58.0,74.0,89.0,63.0,69.0,72.0,68.0,79.0,80.0,84.0,85.0,76.0,59.0,56.0,90.0,75.0,62.0,76.0,54.0,71.0
flowers,花卉,random,flowers_random_seed1_k5,2,54,蘭花 / orchid (54),"70,54",0.0,100.0,70.3061224489796,68.9,89.0,79.0,56.0,52.0,59.0,72.0,81.0,74.0,82.0,81.0,48.0,45.0,80.0,67.0,56.0,74.0,78.0,82.0,63.0,65.0,86.0,85.0,69.0,81.0,80.0,55.0,58.0,57.0,74.0,66.0,67.0,68.0,62.0,60.0,76.0,50.0,81.0,79.0,65.0,81.0,59.0,89.0,72.0,82.0,45.0,61.0,48.0,67.0,93.0,84.0,54.0,71.0,65.0,87.0,0.0,41.0,85.0,78.0,82.0,71.0,86.0,65.0,81.0,66.0,52.0,63.0,79.0,58.0,94.0,78.0,0.0,80.0,47.0,57.0,49.0,88.0,89.0,64.0,61.0,68.0,56.0,73.0,88.0,70.0,69.0,70.0,68.0,78.0,79.0,82.0,83.0,79.0,72.0,56.0,91.0,75.0,62.0,76.0,51.0,70.0
flowers,花卉,random,flowers_random_seed1_k5,3,92,鬱金香 / tulip (92),"70,54,92",0.0,100.0,70.4639175257732,68.35,90.0,83.0,61.0,52.0,58.0,69.0,79.0,76.0,82.0,79.0,46.0,46.0,79.0,68.0,56.0,73.0,78.0,83.0,68.0,64.0,86.0,85.0,69.0,81.0,80.0,57.0,62.0,58.0,74.0,65.0,70.0,67.0,64.0,62.0,75.0,45.0,81.0,79.0,65.0,81.0,59.0,87.0,72.0,84.0,49.0,64.0,46.0,62.0,92.0,85.0,53.0,73.0,67.0,86.0,0.0,40.0,86.0,77.0,86.0,72.0,86.0,63.0,83.0,66.0,52.0,60.0,80.0,58.0,94.0,79.0,0.0,80.0,45.0,55.0,49.0,90.0,88.0,65.0,62.0,71.0,55.0,71.0,90.0,71.0,67.0,71.0,68.0,77.0,80.0,84.0,80.0,78.0,0.0,57.0,91.0,74.0,63.0,75.0,51.0,70.0
flowers,花卉,random,flowers_random_seed1_k5,4,62,罌粟花 / poppy (62),"70,54,92,62",0.0,100.0,70.40625,67.59,89.0,85.0,62.0,52.0,59.0,70.0,80.0,78.0,84.0,78.0,48.0,49.0,77.0,68.0,58.0,73.0,78.0,80.0,66.0,65.0,86.0,84.0,68.0,80.0,80.0,54.0,62.0,54.0,73.0,64.0,67.0,67.0,65.0,60.0,77.0,49.0,81.0,78.0,66.0,79.0,60.0,89.0,71.0,83.0,47.0,66.0,47.0,65.0,92.0,84.0,52.0,69.0,65.0,89.0,0.0,41.0,88.0,79.0,87.0,70.0,85.0,64.0,0.0,67.0,52.0,57.0,78.0,58.0,94.0,78.0,0.0,82.0,46.0,57.0,52.0,90.0,88.0,64.0,61.0,74.0,55.0,71.0,89.0,70.0,66.0,71.0,70.0,79.0,80.0,85.0,81.0,81.0,0.0,61.0,91.0,73.0,63.0,75.0,47.0,67.0
flowers,花卉,random,flowers_random_seed1_k5,5,82,向日葵 / sunflower (82),"70,54,92,62,82",0.0,100.0,70.27368421052631,66.76,88.0,83.0,62.0,53.0,61.0,76.0,83.0,79.0,83.0,83.0,49.0,47.0,76.0,68.0,58.0,74.0,78.0,80.0,62.0,63.0,86.0,85.0,67.0,80.0,77.0,52.0,66.0,57.0,73.0,64.0,68.0,65.0,62.0,62.0,74.0,48.0,81.0,78.0,64.0,80.0,58.0,89.0,72.0,84.0,45.0,62.0,48.0,67.0,93.0,84.0,52.0,70.0,66.0,88.0,0.0,40.0,88.0,78.0,86.0,69.0,86.0,66.0,0.0,71.0,52.0,57.0,78.0,58.0,94.0,79.0,0.0,81.0,47.0,58.0,52.0,90.0,88.0,64.0,62.0,72.0,53.0,72.0,0.0,71.0,68.0,73.0,69.0,79.0,79.0,83.0,81.0,78.0,0.0,59.0,91.0,75.0,63.0,76.0,44.0,73.0
flowers,花卉,hardfirst,flowers_hardfirst_seed1_k5,1,92,鬱金香 / tulip (92),92,0.0,100.0,70.34343434343434,69.64,89.0,81.0,57.0,51.0,53.0,68.0,79.0,74.0,81.0,78.0,46.0,46.0,79.0,66.0,55.0,77.0,76.0,81.0,64.0,66.0,86.0,84.0,69.0,79.0,79.0,54.0,65.0,59.0,73.0,65.0,67.0,66.0,64.0,62.0,75.0,51.0,83.0,76.0,66.0,79.0,60.0,87.0,72.0,85.0,49.0,63.0,45.0,61.0,91.0,83.0,53.0,69.0,68.0,88.0,84.0,40.0,87.0,77.0,86.0,70.0,87.0,66.0,80.0,67.0,52.0,61.0,79.0,55.0,94.0,79.0,73.0,79.0,47.0,57.0,48.0,92.0,88.0,65.0,60.0,70.0,55.0,73.0,90.0,64.0,67.0,71.0,68.0,77.0,79.0,86.0,84.0,77.0,0.0,56.0,91.0,73.0,63.0,78.0,52.0,74.0
flowers,花卉,hardfirst,flowers_hardfirst_seed1_k5,2,70,玫瑰 / rose (70),"92,70",0.0,100.0,70.35714285714286,68.95,88.0,80.0,58.0,54.0,58.0,68.0,82.0,76.0,81.0,79.0,42.0,50.0,79.0,66.0,60.0,75.0,78.0,81.0,64.0,67.0,86.0,86.0,68.0,79.0,78.0,55.0,64.0,58.0,75.0,64.0,65.0,67.0,65.0,59.0,77.0,46.0,81.0,76.0,63.0,79.0,59.0,88.0,74.0,84.0,46.0,62.0,47.0,62.0,93.0,82.0,50.0,72.0,67.0,89.0,82.0,42.0,87.0,78.0,84.0,68.0,86.0,65.0,78.0,66.0,52.0,57.0,78.0,57.0,94.0,79.0,0.0,79.0,47.0,59.0,49.0,90.0,87.0,66.0,61.0,73.0,56.0,71.0,90.0,67.0,68.0,70.0,68.0,78.0,83.0,85.0,83.0,79.0,0.0,57.0,90.0,73.0,62.0,77.0,50.0,72.0
flowers,花卉,hardfirst,flowers_hardfirst_seed1_k5,3,62,罌粟花 / poppy (62),"92,70,62",0.0,100.0,70.4639175257732,68.35,89.0,83.0,56.0,50.0,57.0,67.0,78.0,76.0,83.0,78.0,50.0,49.0,78.0,68.0,55.0,74.0,79.0,80.0,65.0,64.0,86.0,86.0,69.0,81.0,78.0,54.0,65.0,55.0,74.0,65.0,67.0,67.0,65.0,60.0,76.0,49.0,82.0,75.0,65.0,79.0,61.0,88.0,75.0,82.0,47.0,60.0,45.0,60.0,92.0,85.0,55.0,74.0,67.0,88.0,84.0,42.0,88.0,78.0,84.0,68.0,86.0,69.0,0.0,69.0,54.0,59.0,79.0,57.0,94.0,80.0,0.0,81.0,48.0,56.0,49.0,92.0,88.0,65.0,60.0,73.0,56.0,71.0,89.0,68.0,67.0,72.0,68.0,77.0,80.0,84.0,84.0,78.0,0.0,60.0,90.0,75.0,63.0,77.0,47.0,70.0
flowers,花卉,hardfirst,flowers_hardfirst_seed1_k5,4,54,蘭花 / orchid (54),"92,70,62,54",0.0,100.0,70.51041666666667,67.69,89.0,82.0,58.0,52.0,61.0,71.0,80.0,78.0,84.0,80.0,48.0,49.0,80.0,66.0,58.0,74.0,80.0,81.0,61.0,63.0,86.0,85.0,69.0,80.0,79.0,55.0,62.0,54.0,73.0,65.0,65.0,68.0,67.0,58.0,76.0,49.0,82.0,74.0,65.0,80.0,59.0,89.0,73.0,82.0,49.0,68.0,45.0,68.0,92.0,84.0,51.0,73.0,65.0,90.0,0.0,41.0,86.0,78.0,87.0,70.0,87.0,66.0,0.0,67.0,53.0,58.0,79.0,60.0,94.0,82.0,0.0,80.0,46.0,56.0,49.0,89.0,87.0,65.0,62.0,73.0,60.0,74.0,89.0,70.0,68.0,74.0,68.0,79.0,79.0,84.0,83.0,78.0,0.0,56.0,91.0,74.0,61.0,77.0,44.0,70.0
flowers,花卉,hardfirst,flowers_hardfirst_seed1_k5,5,82,向日葵 / sunflower (82),"92,70,62,54,82",0.0,100.0,70.53684210526316,67.01,89.0,83.0,60.0,53.0,62.0,76.0,83.0,79.0,83.0,83.0,52.0,48.0,77.0,68.0,63.0,74.0,79.0,80.0,63.0,63.0,87.0,86.0,68.0,81.0,78.0,54.0,65.0,59.0,74.0,66.0,68.0,67.0,64.0,60.0,75.0,47.0,80.0,77.0,63.0,80.0,60.0,90.0,73.0,83.0,45.0,63.0,49.0,68.0,93.0,85.0,51.0,70.0,64.0,90.0,0.0,41.0,88.0,77.0,86.0,69.0,87.0,66.0,0.0,72.0,51.0,58.0,79.0,58.0,94.0,80.0,0.0,80.0,46.0,56.0,51.0,90.0,88.0,65.0,62.0,72.0,54.0,73.0,0.0,69.0,66.0,75.0,69.0,78.0,80.0,81.0,85.0,78.0,0.0,56.0,91.0,75.0,62.0,76.0,44.0,72.0
